City_ID,City,Lat,Lng,Max Temp,Humidity,Cloudiness,Wind Speed,Country,Date
0,Ushuaia,-54.8,-68.3,42.46,75,0,5.75,AR,2022-10-03 01:11:29
1,Bathsheba,13.2167,-59.5167,79.41,94,40,8.05,BB,2022-10-03 01:14:04
2,Khatanga,71.9667,102.5,23.77,96,99,11.32,RU,2022-10-03 01:14:04
3,Wanning,18.8003,110.3967,82.92,78,20,6.04,CN,2022-10-03 01:14:04
4,Rikitea,-23.1203,-134.9692,74.68,64,95,5.03,PF,2022-10-03 01:14:05
5,Punta Arenas,-53.15,-70.9167,42.91,70,0,10.36,CL,2022-10-03 01:14:05
6,Thompson,55.7435,-97.8558,62.76,51,40,10.36,CA,2022-10-03 01:14:06
7,Ihosy,-22.4,46.1167,58.1,96,16,3.31,MG,2022-10-03 01:14:06
8,Hermanus,-34.4187,19.2345,58.8,81,88,12.48,ZA,2022-10-03 01:14:06
9,Hobart,-42.8794,147.3294,62.06,66,75,5.75,AU,2022-10-03 01:12:59
10,Cherskiy,68.75,161.3,29.12,86,100,12.28,RU,2022-10-03 01:14:07
11,Atuona,-9.8,-139.0333,76.95,75,38,17.67,PF,2022-10-03 01:14:07
12,Pangkalanbuun,-2.6833,111.6167,78.35,88,100,0.76,ID,2022-10-03 01:14:08
13,Beyneu,45.3167,55.2,50.38,44,3,12.73,KZ,2022-10-03 01:14:08
14,Aklavik,68.2191,-135.0107,29.14,96,100,4.56,CA,2022-10-03 01:14:08
15,Hilo,19.7297,-155.09,85.24,73,40,6.91,US,2022-10-03 01:14:09
16,Bisauli,28.3167,78.9333,74.95,76,0,4.7,IN,2022-10-03 01:14:09
17,Cabo San Lucas,22.8909,-109.9124,87.1,61,40,4.61,MX,2022-10-03 01:12:29
18,Avarua,-21.2078,-159.775,77.05,57,75,19.57,CK,2022-10-03 01:14:10
19,Palmer,42.1584,-72.3287,49.62,64,75,3.44,US,2022-10-03 01:14:10
20,Tanggu,39.0211,117.6469,66.16,89,100,13.98,CN,2022-10-03 01:14:11
21,Sur,22.5667,59.5289,78.76,77,2,7.47,OM,2022-10-03 01:14:11
22,Veracruz,19.3333,-96.6667,67.59,95,58,0.92,MX,2022-10-03 01:14:11
23,Hofn,64.2539,-15.2082,46.09,76,100,2.42,IS,2022-10-03 01:10:14
24,Honningsvag,70.9821,25.9704,38.95,81,100,0.0,NO,2022-10-03 01:14:12
25,Mar Del Plata,-38.0023,-57.5575,50.09,77,75,14.97,AR,2022-10-03 01:14:12
26,Tuktoyaktuk,69.4541,-133.0374,26.6,80,100,12.66,CA,2022-10-03 01:14:12
27,Asuncion,-25.3007,-57.6359,69.24,56,0,6.91,PY,2022-10-03 01:14:13
28,Bengkulu,-3.8004,102.2655,77.22,86,81,1.41,ID,2022-10-03 01:14:13
29,Bilibino,68.0546,166.4372,31.37,81,99,0.45,RU,2022-10-03 01:14:14
30,Albany,42.6001,-73.9662,49.68,63,100,6.53,US,2022-10-03 01:14:14
31,Ribeira Grande,38.5167,-28.7,71.92,86,33,10.0,PT,2022-10-03 01:14:14
32,Hokitika,-42.7167,170.9667,55.08,68,100,3.04,NZ,2022-10-03 01:14:15
33,Hithadhoo,-0.6,73.0833,81.37,69,82,15.1,MV,2022-10-03 01:14:15
34,Tchollire,8.4022,14.1698,70.95,97,63,2.95,CM,2022-10-03 01:14:16
35,Busselton,-33.65,115.3333,57.27,51,100,13.73,AU,2022-10-03 01:14:16
36,Bluff,-46.6,168.3333,47.8,52,100,20.2,NZ,2022-10-03 01:14:16
37,Hasaki,35.7333,140.8333,81.28,64,78,6.31,JP,2022-10-03 01:14:17
38,Mitu,1.1983,-70.1733,71.15,96,100,1.05,CO,2022-10-03 01:14:17
39,Victoria,22.2855,114.1577,86.97,82,60,5.99,HK,2022-10-03 01:10:41
40,Cuauhtemoc,28.4167,-106.8667,63.46,51,67,7.38,MX,2022-10-03 01:14:18
41,Norman Wells,65.282,-126.8329,35.64,87,75,2.3,CA,2022-10-03 01:14:18
42,Kanigiri,15.4,79.5167,79.0,69,98,5.46,IN,2022-10-03 01:14:19
43,Alta Floresta,-9.8756,-56.0861,81.97,52,100,4.29,BR,2022-10-03 01:14:20
44,Tasiilaq,65.6145,-37.6368,41.16,98,100,16.33,GL,2022-10-03 01:14:20
45,Jamestown,42.097,-79.2353,46.04,60,0,10.36,US,2022-10-03 01:14:20
46,New Norfolk,-42.7826,147.0587,61.72,46,100,2.53,AU,2022-10-03 01:14:21
47,Ghanzi,-21.5667,21.7833,70.88,18,0,9.95,BW,2022-10-03 01:15:21
48,Nikolskoye,59.7035,30.7861,44.49,86,100,8.21,RU,2022-10-03 01:15:22
49,Barrow,71.2906,-156.7887,28.42,74,75,10.36,US,2022-10-03 01:15:22
50,Mezen,65.8522,44.24,35.78,89,33,4.05,RU,2022-10-03 01:15:22
51,Hun,29.1268,15.9477,71.44,81,14,9.89,LY,2022-10-03 01:15:23
52,Sambava,-14.2667,50.1667,65.88,82,87,6.13,MG,2022-10-03 01:15:23
53,Bambous Virieux,-20.3428,57.7575,70.21,83,75,3.44,MU,2022-10-03 01:15:23
54,Arraial Do Cabo,-22.9661,-42.0278,69.15,90,100,7.94,BR,2022-10-03 01:15:24
55,Champerico,14.3,-91.9167,79.05,80,77,2.21,GT,2022-10-03 01:15:24
56,Airai,-8.9266,125.4092,69.17,72,97,1.32,TL,2022-10-03 01:15:25
57,Peravurani,10.3,79.1833,79.63,66,100,6.8,IN,2022-10-03 01:15:25
58,Bodden Town,19.2833,-81.25,82.4,71,0,8.05,KY,2022-10-03 01:15:25
59,Mahebourg,-20.4081,57.7,70.25,83,75,3.44,MU,2022-10-03 01:15:26
60,Butaritari,3.0707,172.7902,82.38,70,82,18.79,KI,2022-10-03 01:15:26
61,Berlevag,70.8578,29.0864,41.0,81,100,5.75,NO,2022-10-03 01:15:26
62,Sao Joao Da Barra,-21.6403,-41.0511,71.55,87,100,3.47,BR,2022-10-03 01:15:27
63,Salvacion,7.9833,126.1333,84.88,67,72,1.83,PH,2022-10-03 01:15:27
64,Tecalitlan,19.4667,-103.3,64.85,97,100,2.75,MX,2022-10-03 01:15:27
65,Port Alfred,-33.5906,26.891,60.19,96,13,1.99,ZA,2022-10-03 01:15:28
66,East London,-33.0153,27.9116,66.33,89,68,4.36,ZA,2022-10-03 01:15:28
67,Qaanaaq,77.484,-69.3632,8.1,74,45,7.61,GL,2022-10-03 01:15:28
68,Chimbarongo,-34.7,-71.05,61.72,85,0,0.6,CL,2022-10-03 01:15:29
69,Mount Isa,-20.7333,139.5,87.57,19,100,10.36,AU,2022-10-03 01:12:28
70,Mayo,38.8876,-76.5119,55.13,94,100,8.99,US,2022-10-03 01:11:20
71,Matongo,-2.3833,34.0833,69.44,55,36,4.43,TZ,2022-10-03 01:15:29
72,Dingle,10.9995,122.6711,84.29,78,86,8.32,PH,2022-10-03 01:15:30
73,Oga,46.4631,10.347,46.94,96,72,7.47,IT,2022-10-03 01:15:30
74,Saint George,37.1041,-113.5841,84.43,47,0,8.05,US,2022-10-03 01:12:46
75,Luderitz,-26.6481,15.1594,58.14,73,0,16.87,NA,2022-10-03 01:15:30
76,Nabire,-3.3667,135.4833,85.73,65,46,2.86,ID,2022-10-03 01:15:31
77,Mongoumba,3.6415,18.5936,70.03,99,100,1.7,CF,2022-10-03 01:15:31
78,Taoudenni,22.6783,-3.9836,92.35,24,17,9.66,ML,2022-10-03 01:15:32
79,Constitucion,-35.3333,-72.4167,50.83,93,63,4.88,CL,2022-10-03 01:15:32
80,Saskylakh,71.9167,114.0833,25.72,95,100,12.46,RU,2022-10-03 01:15:33
81,Barrhead,55.7992,-4.3929,53.65,92,100,5.75,GB,2022-10-03 01:15:33
82,Faanui,-16.4833,-151.75,78.89,72,3,13.73,PF,2022-10-03 01:15:33
83,Devonport,-41.1667,146.35,60.01,64,100,7.18,AU,2022-10-03 01:11:16
84,Oria,43.2554,-2.0187,61.83,84,100,2.91,ES,2022-10-03 01:15:34
85,Bundaberg,-24.85,152.35,75.22,62,82,4.0,AU,2022-10-03 01:15:34
86,Vestmannaeyjar,63.4427,-20.2734,50.45,92,100,17.11,IS,2022-10-03 01:15:35
87,Yellowknife,62.456,-114.3525,43.32,61,20,11.5,CA,2022-10-03 01:14:00
88,Murgab,37.4966,61.9714,49.87,57,0,2.3,TM,2022-10-03 01:15:35
89,Lebu,-37.6167,-73.65,50.63,86,100,3.24,CL,2022-10-03 01:15:36
90,Nakamura,32.9833,132.9333,78.24,72,27,6.67,JP,2022-10-03 01:15:36
91,Egvekinot,66.3167,-179.1667,29.05,71,77,4.63,RU,2022-10-03 01:15:37
92,Geraldton,-28.7667,114.6,66.61,55,0,16.11,AU,2022-10-03 01:16:38
93,Castro,-24.7911,-50.0119,58.21,93,15,5.1,BR,2022-10-03 01:16:38
94,Lake City,30.1897,-82.6393,71.31,60,0,4.61,US,2022-10-03 01:13:32
95,Carnarvon,-24.8667,113.6333,69.73,48,0,17.43,AU,2022-10-03 01:16:38
96,Mataura,-46.1927,168.8643,47.48,45,81,10.58,NZ,2022-10-03 01:16:39
97,Perez,-32.9983,-60.7679,69.8,49,0,4.61,AR,2022-10-03 01:16:39
98,Puerto Ayora,-0.7393,-90.3518,64.54,94,76,5.01,EC,2022-10-03 01:16:39
99,Kapaa,22.0752,-159.319,82.72,81,20,18.41,US,2022-10-03 01:16:40
100,Watertown,42.3709,-71.1828,53.62,65,0,21.85,US,2022-10-03 01:16:40
101,Ponta Delgada,37.7333,-25.6667,74.5,83,75,12.66,PT,2022-10-03 01:16:40
102,Vila Velha,-20.3297,-40.2925,75.15,88,75,5.75,BR,2022-10-03 01:16:41
103,Pellerd,46.0344,18.154,58.05,77,0,11.5,HU,2022-10-03 01:16:41
104,Bandarbeyla,9.4942,50.8122,76.82,82,81,24.05,SO,2022-10-03 01:16:41
105,Longyearbyen,78.2186,15.6401,35.44,100,75,4.61,SJ,2022-10-03 01:16:42
106,Port Blair,11.6667,92.75,80.64,89,75,2.3,IN,2022-10-03 01:16:42
107,Raudeberg,61.9875,5.1352,52.47,1,98,20.65,NO,2022-10-03 01:16:43
108,Krasnyy Chikoy,50.3643,108.7512,30.02,67,97,10.6,RU,2022-10-03 01:16:43
109,Sunrise Manor,36.2111,-115.0731,93.36,23,0,9.22,US,2022-10-03 01:16:43
110,Rawah,34.4816,41.9093,77.54,18,5,8.32,IQ,2022-10-03 01:16:44
111,Adre,13.4667,22.2,73.09,73,30,3.13,TD,2022-10-03 01:16:44
112,Lazaro Cardenas,17.9583,-102.2,78.62,83,47,2.08,MX,2022-10-03 01:16:44
113,Lucapa,-8.4192,20.7447,65.48,94,100,1.41,AO,2022-10-03 01:16:45
114,Maragogi,-9.0122,-35.2225,73.74,79,2,8.77,BR,2022-10-03 01:16:45
115,Uyuni,-20.4597,-66.825,47.7,28,14,7.23,BO,2022-10-03 01:16:46
116,Esperance,-33.8667,121.9,55.81,80,90,18.79,AU,2022-10-03 01:16:46
117,Korocha,50.8107,37.1953,48.92,90,100,16.17,RU,2022-10-03 01:16:46
118,Chuy,-33.6971,-53.4616,52.7,90,6,6.91,UY,2022-10-03 01:16:47
119,Nelson Bay,-32.7167,152.15,66.25,69,39,1.99,AU,2022-10-03 01:16:47
120,Touros,-5.1989,-35.4608,76.42,75,8,13.94,BR,2022-10-03 01:12:40
121,San Patricio,28.017,-97.5169,80.55,46,100,6.64,US,2022-10-03 01:16:48
122,Port Elizabeth,-33.918,25.5701,63.32,73,0,25.01,ZA,2022-10-03 01:16:48
123,Bac Lieu,9.285,105.7244,80.89,79,100,6.62,VN,2022-10-03 01:16:48
124,Pevek,69.7008,170.3133,30.25,85,100,11.52,RU,2022-10-03 01:16:49
125,Biak,-0.9131,122.8766,81.52,71,74,1.88,ID,2022-10-03 01:16:49
126,Narsaq,60.9167,-46.05,37.62,65,33,4.07,GL,2022-10-03 01:16:49
127,Covington,39.0837,-84.5086,61.38,72,0,10.36,US,2022-10-03 01:16:50
128,Nikolayevka,53.1257,47.2041,57.72,77,100,14.03,RU,2022-10-03 01:16:50
129,Los Llanos De Aridane,28.6585,-17.9182,68.13,62,100,8.05,ES,2022-10-03 01:16:50
130,Creel,27.75,-107.6333,54.63,76,59,4.45,MX,2022-10-03 01:16:51
131,Srednekolymsk,67.45,153.6833,27.73,70,73,2.75,RU,2022-10-03 01:16:51
132,Padang,-0.9492,100.3543,80.65,85,100,2.01,ID,2022-10-03 01:16:52
133,Juegang,32.3174,121.1855,84.9,74,8,12.03,CN,2022-10-03 01:16:52
134,Nemuro,43.3236,145.575,59.92,75,100,14.36,JP,2022-10-03 01:16:52
135,Havoysund,70.9963,24.6622,39.43,75,98,5.3,NO,2022-10-03 01:16:53
136,Mollendo,-17.0231,-72.0147,60.44,84,99,5.95,PE,2022-10-03 01:17:53
137,Ilulissat,69.2167,-51.1,30.22,86,75,1.14,GL,2022-10-03 01:17:53
138,Chokurdakh,70.6333,147.9167,23.59,67,41,10.0,RU,2022-10-03 01:17:54
139,Vangaindrano,-23.35,47.6,63.9,87,1,6.67,MG,2022-10-03 01:17:54
140,Suntar,62.1444,117.6319,30.7,83,97,6.44,RU,2022-10-03 01:17:54
141,Imbituba,-28.24,-48.6703,59.72,92,17,7.58,BR,2022-10-03 01:17:55
142,Olga,43.7444,135.2892,60.06,87,100,2.8,RU,2022-10-03 01:17:55
143,Rio Gallegos,-51.6226,-69.2181,48.25,49,0,21.85,AR,2022-10-03 01:17:55
144,George Town,5.4112,100.3354,82.33,84,20,2.3,MY,2022-10-03 01:15:50
145,Auki,-8.7676,160.7034,84.99,68,36,3.85,SB,2022-10-03 01:17:56
146,Suluq,31.6682,20.2521,71.73,70,0,10.0,LY,2022-10-03 01:17:56
147,Port Augusta,-32.5,137.7667,73.18,27,100,9.28,AU,2022-10-03 01:17:57
148,Beringovskiy,63.05,179.3167,40.75,72,92,14.61,RU,2022-10-03 01:17:57
149,Port Hardy,50.6996,-127.4199,53.78,94,20,4.61,CA,2022-10-03 01:13:21
150,Halifax,44.6453,-63.5724,46.4,77,100,10.36,CA,2022-10-03 01:16:04
151,Provideniya,64.3833,-173.3,41.11,81,40,13.42,RU,2022-10-03 01:17:57
152,Saint-Philippe,-21.3585,55.7679,65.21,77,10,6.96,RE,2022-10-03 01:17:58
153,Ostrovnoy,68.0531,39.5131,35.33,88,26,9.35,RU,2022-10-03 01:17:58
154,Jalu,29.0331,21.5482,74.5,50,0,15.57,LY,2022-10-03 01:17:58
155,Tank,32.2217,70.3793,82.8,42,0,2.86,PK,2022-10-03 01:17:59
156,Dikson,73.5069,80.5464,31.3,93,99,23.62,RU,2022-10-03 01:17:59
157,Santarem,-2.4431,-54.7083,79.47,66,98,1.81,BR,2022-10-03 01:17:59
158,Kodiak,57.79,-152.4072,53.11,71,100,9.22,US,2022-10-03 01:18:00
159,Gambiran,-6.7988,111.4951,81.88,72,100,4.12,ID,2022-10-03 01:18:00
160,Port Lincoln,-34.7333,135.8667,63.59,61,100,11.59,AU,2022-10-03 01:15:51
161,Emba,48.8264,58.1442,40.82,24,0,8.08,KZ,2022-10-03 01:18:01
162,Leningradskiy,69.3833,178.4167,30.4,85,100,3.74,RU,2022-10-03 01:18:01
163,Rockhampton,-23.3833,150.5,71.49,64,100,6.91,AU,2022-10-03 01:18:01
164,Iqaluit,63.7506,-68.5145,28.13,79,20,0.0,CA,2022-10-03 01:18:02
165,Inuvik,68.3499,-133.7218,27.46,86,100,6.91,CA,2022-10-03 01:18:02
166,Kebumen,-7.6687,109.6519,79.02,85,99,5.5,ID,2022-10-03 01:18:03
167,Bethel,41.3712,-73.414,52.48,54,0,12.66,US,2022-10-03 01:18:03
168,Bredasdorp,-34.5322,20.0403,52.97,94,100,6.73,ZA,2022-10-03 01:18:04
169,Port-Cartier,50.0334,-66.8654,42.48,58,11,5.14,CA,2022-10-03 01:18:04
170,Kavieng,-2.5744,150.7967,85.23,66,8,8.68,PG,2022-10-03 01:18:04
171,Tukrah,32.5341,20.5791,73.56,70,0,15.61,LY,2022-10-03 01:18:05
172,Sungairaya,0.7,108.9,79.86,81,100,3.22,ID,2022-10-03 01:18:05
173,Tautira,-17.7333,-149.15,78.01,72,98,10.56,PF,2022-10-03 01:18:06
174,Nampa,43.5407,-116.5635,74.59,35,0,5.75,US,2022-10-03 01:16:32
175,Yulara,-25.2406,130.9889,79.83,33,87,21.54,AU,2022-10-03 01:18:06
176,Poykovskiy,61.2333,73.3333,34.09,69,0,8.95,RU,2022-10-03 01:18:07
177,Panguna,-6.3164,155.4848,84.63,50,54,2.59,PG,2022-10-03 01:18:07
178,Panuco,22.05,-98.1667,80.78,81,59,5.75,MX,2022-10-03 01:18:07
179,Glasgow,55.8652,-4.2576,53.82,92,100,5.75,GB,2022-10-03 01:17:13
180,Clyde River,70.4692,-68.5914,28.63,80,100,4.61,CA,2022-10-03 01:18:08
181,Souillac,-20.5167,57.5167,68.38,83,75,3.44,MU,2022-10-03 01:18:09
182,Port Shepstone,-30.7414,30.455,67.59,91,0,11.34,ZA,2022-10-03 01:18:09
183,Labuhan,-6.8844,112.2051,82.71,73,99,8.3,ID,2022-10-03 01:18:09
184,Yucca Valley,34.1142,-116.4322,84.72,48,4,15.99,US,2022-10-03 01:14:59
185,Lawrenceburg,38.0373,-84.8966,62.49,74,0,4.61,US,2022-10-03 01:19:10
186,Araouane,18.9048,-3.5265,91.56,31,5,4.72,ML,2022-10-03 01:19:10
187,Daru,-9.0763,143.2092,82.99,79,46,11.99,PG,2022-10-03 01:19:11
188,Kruisfontein,-34.0033,24.7314,54.88,71,0,17.38,ZA,2022-10-03 01:19:11
189,Lyubashivka,47.8372,30.2598,51.58,71,74,15.9,UA,2022-10-03 01:19:11
190,Pacific Grove,36.6177,-121.9166,70.02,74,0,6.91,US,2022-10-03 01:15:30
191,Songjianghe,42.1859,127.479,54.86,89,100,2.28,CN,2022-10-03 01:19:12
192,La Asuncion,11.0333,-63.8628,91.13,58,8,9.22,VE,2022-10-03 01:19:12
193,Gunjur,13.2019,-16.7339,77.07,94,40,0.0,GM,2022-10-03 01:19:13
194,Esso,55.9333,158.7,37.44,62,100,4.12,RU,2022-10-03 01:19:13
195,Lompoc,34.6391,-120.4579,69.94,74,0,11.5,US,2022-10-03 01:17:48
196,Talnakh,69.4865,88.3972,31.21,92,100,11.5,RU,2022-10-03 01:19:13
197,Georgetown,5.4112,100.3354,82.33,84,20,2.3,MY,2022-10-03 01:15:51
198,Isangel,-19.55,169.2667,80.71,89,100,4.61,VU,2022-10-03 01:19:14
199,Rawson,-43.3002,-65.1023,48.78,61,100,17.0,AR,2022-10-03 01:19:14
200,Pochutla,15.7432,-96.4661,79.83,90,100,4.07,MX,2022-10-03 01:19:15
201,Tiksi,71.6872,128.8694,25.38,90,100,7.96,RU,2022-10-03 01:19:15
202,Arlit,18.7369,7.3853,90.61,11,0,11.83,NE,2022-10-03 01:19:16
203,Zhuhai,22.2769,113.5678,87.51,79,40,6.91,CN,2022-10-03 01:19:16
204,Kavaratti,10.5669,72.642,80.38,78,100,13.58,IN,2022-10-03 01:19:16
205,Codrington,-38.2667,141.9667,61.97,69,71,3.98,AU,2022-10-03 01:19:17
206,Lamas,-6.4167,-76.5333,66.67,79,8,3.27,PE,2022-10-03 01:19:17
207,Severo-Kurilsk,50.6789,156.125,48.58,65,100,11.56,RU,2022-10-03 01:19:18
208,Salalah,17.0151,54.0924,78.89,83,75,5.75,OM,2022-10-03 01:19:18
209,Asyut,27.181,31.1837,80.89,34,0,9.73,EG,2022-10-03 01:19:18
210,Mareeba,-17.0,145.4333,83.48,60,99,7.36,AU,2022-10-03 01:19:19
211,Conde,-7.2597,-34.9075,74.66,88,40,5.75,BR,2022-10-03 01:19:19
212,Pokrovsk,48.282,37.1758,52.11,72,100,18.77,UA,2022-10-03 01:19:19
213,Hobyo,5.3505,48.5268,76.32,88,99,19.26,SO,2022-10-03 01:19:20
214,Crabtree,45.9668,-73.4659,49.66,87,65,1.14,CA,2022-10-03 01:19:20
215,Olmos,-5.9847,-79.7453,59.9,71,100,4.72,PE,2022-10-03 01:19:21
216,Isabela,6.7085,121.9711,84.25,72,100,6.93,PH,2022-10-03 01:19:21
217,Traverse City,44.7631,-85.6206,52.34,87,0,0.0,US,2022-10-03 01:14:53
218,Vilhena,-12.7406,-60.1458,69.33,94,98,2.8,BR,2022-10-03 01:19:22
219,Vaini,-21.2,-175.2,78.96,78,75,10.36,TO,2022-10-03 01:19:22
220,Ucluelet,48.9329,-125.5528,65.08,77,99,3.0,CA,2022-10-03 01:19:22
221,Broken Hill,-31.95,141.4333,72.28,28,72,12.19,AU,2022-10-03 01:19:23
222,Te Anau,-45.4167,167.7167,47.3,74,70,4.56,NZ,2022-10-03 01:19:23
223,Cidreira,-30.1811,-50.2056,60.78,88,3,6.31,BR,2022-10-03 01:19:23
224,Marrakesh,31.6315,-8.0083,73.47,38,0,2.3,MA,2022-10-03 01:14:45
225,Kurilsk,45.2333,147.8833,56.8,66,7,12.62,RU,2022-10-03 01:19:24
226,Asau,46.4333,26.4,49.28,75,98,7.0,RO,2022-10-03 01:19:24
227,Cortez,37.3489,-108.5859,61.56,68,0,8.05,US,2022-10-03 01:19:20
228,Lichuan,30.3,108.85,71.26,77,24,4.85,CN,2022-10-03 01:19:25
229,Riberalta,-10.9833,-66.1,80.83,59,84,2.24,BO,2022-10-03 01:20:25
230,Morgan City,29.6994,-91.2068,70.0,53,87,5.21,US,2022-10-03 01:20:25
231,Broome,42.2506,-75.833,51.39,82,0,6.91,US,2022-10-03 01:20:26
232,Aksarka,66.5606,67.7975,35.35,87,100,12.59,RU,2022-10-03 01:20:26
233,San Antonio,29.4241,-98.4936,79.43,39,0,4.61,US,2022-10-03 01:20:26
234,Erenhot,43.6475,111.9767,36.01,42,46,17.05,CN,2022-10-03 01:20:27
235,San Javier,37.8063,-0.8374,69.51,74,0,6.91,ES,2022-10-03 01:20:27
236,Kaili,-3.4626,120.2147,74.71,78,99,2.33,ID,2022-10-03 01:20:28
237,Kenai,60.5544,-151.2583,52.03,91,100,4.61,US,2022-10-03 01:20:28
238,Faya,18.3851,42.4509,59.11,64,44,1.32,SA,2022-10-03 01:20:29
239,Vysokogornyy,50.1167,139.15,49.86,99,100,3.4,RU,2022-10-03 01:20:30
240,Flin Flon,54.7682,-101.865,59.25,65,12,7.29,CA,2022-10-03 01:15:50
241,Krasnoselkup,65.7,82.4667,30.45,74,100,13.4,RU,2022-10-03 01:20:30
242,Bonavista,48.6499,-53.1147,45.72,64,56,14.29,CA,2022-10-03 01:20:31
243,Ponta Do Sol,32.6667,-17.1,69.71,84,9,3.83,PT,2022-10-03 01:20:31
244,Sao Filipe,14.8961,-24.4956,77.7,74,47,9.4,CV,2022-10-03 01:20:31
245,Arman,59.7,150.1667,39.02,48,100,11.45,RU,2022-10-03 01:20:32
246,Bintulu,3.1667,113.0333,77.41,94,20,5.75,MY,2022-10-03 01:20:32
247,Bud,39.447,-86.1758,61.68,63,0,8.79,US,2022-10-03 01:20:32
248,Kahului,20.8947,-156.47,84.22,81,75,21.85,US,2022-10-03 01:20:33
249,Mizdah,31.4451,12.9801,63.68,71,0,3.49,LY,2022-10-03 01:20:33
250,Fort-Shevchenko,44.5086,50.263,61.27,33,18,31.74,KZ,2022-10-03 01:20:33
251,Cabedelo,-6.9811,-34.8339,75.87,77,9,11.63,BR,2022-10-03 01:18:01
252,Portland,45.5234,-122.6762,86.79,45,0,6.91,US,2022-10-03 01:20:28
253,Mandalgovi,45.7625,106.2708,22.64,67,8,7.94,MN,2022-10-03 01:20:34
254,Valdivia,-39.8142,-73.2459,50.09,81,100,3.02,CL,2022-10-03 01:18:09
255,Vardo,70.3705,31.1107,39.18,93,75,1.14,NO,2022-10-03 01:20:34
256,Robertsport,6.7533,-11.3686,76.46,90,100,10.04,LR,2022-10-03 01:20:35
257,Brokopondo,4.75,-55.1667,79.27,81,98,9.33,SR,2022-10-03 01:20:35
258,Kjollefjord,70.9457,27.3465,40.82,87,100,4.61,NO,2022-10-03 01:20:35
259,Weihe,32.9952,105.3247,53.69,85,100,8.57,CN,2022-10-03 01:20:36
260,Gasa,31.5,34.4667,76.12,68,0,6.93,PS,2022-10-03 01:17:26
261,Mantua,45.1667,10.7833,61.95,89,0,3.36,IT,2022-10-03 01:20:36
262,Svetlogorsk,52.6333,29.7333,42.57,94,100,21.9,BY,2022-10-03 01:20:37
263,Cape Town,-33.9258,18.4232,59.88,85,40,6.91,ZA,2022-10-03 01:17:06
264,Newton,42.337,-71.2092,53.31,64,0,21.85,US,2022-10-03 01:20:37
265,Katsuura,35.1333,140.3,77.09,62,84,7.05,JP,2022-10-03 01:20:38
266,Acari,-15.4311,-74.6158,67.51,70,55,3.36,PE,2022-10-03 01:20:39
267,Ixtapa,20.7,-105.2,81.23,94,100,3.44,MX,2022-10-03 01:20:39
268,Awbari,26.5921,12.7805,78.21,48,0,9.4,LY,2022-10-03 01:20:39
269,Vostok,46.4856,135.8833,63.61,52,96,7.02,RU,2022-10-03 01:20:40
270,Tondano,1.3038,124.9112,80.69,61,93,4.09,ID,2022-10-03 01:20:41
271,Pisco,-13.7,-76.2167,59.05,88,18,12.66,PE,2022-10-03 01:20:41
272,Mount Gambier,-37.8333,140.7667,62.6,62,79,3.89,AU,2022-10-03 01:20:41
273,Nokha,27.6,73.4167,78.08,53,0,10.87,IN,2022-10-03 01:21:42
274,Itoman,26.1247,127.6694,86.02,68,20,12.66,JP,2022-10-03 01:21:42
275,Torbay,47.6666,-52.7314,45.27,78,75,8.05,CA,2022-10-03 01:21:42
276,Urdoma,61.7533,48.5442,49.57,98,100,5.75,RU,2022-10-03 01:21:43
277,Kon Tum,14.35,108.0,73.47,87,100,1.39,VN,2022-10-03 01:21:43
278,Mitsamiouli,-11.3847,43.2844,73.26,77,4,3.24,KM,2022-10-03 01:21:43
279,Yar-Sale,66.8333,70.8333,36.14,81,100,13.4,RU,2022-10-03 01:21:44
280,Vao,-22.6667,167.4833,70.07,74,100,15.32,NC,2022-10-03 01:21:44
281,Cayenne,4.9333,-52.3333,77.04,94,0,0.0,GF,2022-10-03 01:21:44
282,Bima,-8.4667,118.7167,86.99,62,20,3.76,ID,2022-10-03 01:21:45
283,Ipojuca,-8.3989,-35.0639,78.71,82,42,6.24,BR,2022-10-03 01:18:04
284,Gumdag,39.2061,54.5906,57.07,13,2,23.53,TM,2022-10-03 01:21:45
285,Akyab,20.15,92.9,79.38,88,100,11.65,MM,2022-10-03 01:21:46
286,Ohara,35.25,140.3833,76.53,63,93,6.73,JP,2022-10-03 01:21:46
287,Jalakandapuram,11.6978,77.873,75.45,87,100,0.87,IN,2022-10-03 01:21:47
288,Chukhloma,58.7525,42.6825,45.84,97,100,3.96,RU,2022-10-03 01:21:47
289,Haines Junction,60.7522,-137.5108,53.55,47,78,8.05,CA,2022-10-03 01:21:47
290,Teguldet,57.3064,88.1667,25.7,89,32,1.99,RU,2022-10-03 01:21:48
291,Kloulklubed,7.0419,134.2556,86.5,76,99,12.17,PW,2022-10-03 01:21:48
292,Durango,24.8333,-104.8333,54.23,88,100,2.53,MX,2022-10-03 01:21:49
293,Strezhevoy,60.7333,77.5889,27.5,80,55,8.95,RU,2022-10-03 01:21:49
294,Eyl,7.9803,49.8164,76.42,77,17,15.17,SO,2022-10-03 01:21:49
295,Grand Gaube,-20.0064,57.6608,70.38,62,44,4.0,MU,2022-10-03 01:21:50
296,Grindavik,63.8424,-22.4338,49.95,81,75,25.32,IS,2022-10-03 01:21:50
297,Yaan,7.3833,8.5667,71.85,97,100,4.09,NG,2022-10-03 01:21:50
298,Romitan,39.9343,64.3814,46.35,39,0,2.3,UZ,2022-10-03 01:21:51
299,Yendi,9.4427,-0.0099,72.64,90,94,1.01,GH,2022-10-03 01:21:51
300,Agirish,61.9247,63.0231,37.11,90,100,10.92,RU,2022-10-03 01:21:52
301,Sterling,39.0062,-77.4286,54.55,93,100,13.8,US,2022-10-03 01:21:52
302,Conchal,-22.3303,-47.1725,71.76,79,0,6.87,BR,2022-10-03 01:21:52
303,Korla,41.7597,86.1469,45.82,27,0,13.65,CN,2022-10-03 01:21:52
304,Coquimbo,-29.9533,-71.3436,55.13,94,100,2.3,CL,2022-10-03 01:19:08
305,Upernavik,72.7868,-56.1549,20.43,86,58,9.55,GL,2022-10-03 01:21:53
306,Brownsburg,39.8434,-86.3978,61.45,59,0,9.22,US,2022-10-03 01:19:12
307,Marystown,47.1666,-55.1483,45.84,59,100,9.78,CA,2022-10-03 01:19:46
308,Kochubey,44.3861,46.5825,69.55,62,100,29.46,RU,2022-10-03 01:21:54
309,Saint-Augustin,51.226,-58.6502,39.4,55,1,10.11,CA,2022-10-03 01:21:55
310,Ramsar,36.9226,50.6426,67.44,77,0,2.3,IR,2022-10-03 01:21:55
311,Sijunjung,-0.6876,100.9537,75.67,91,98,0.96,ID,2022-10-03 01:21:55
312,Zhangye,38.9342,100.4517,45.5,16,95,6.69,CN,2022-10-03 01:21:56
313,Tucupita,9.0622,-62.051,76.66,91,84,3.69,VE,2022-10-03 01:21:56
314,Tuatapere,-46.1333,167.6833,49.41,61,91,13.29,NZ,2022-10-03 01:21:56
315,Fortuna,40.5982,-124.1573,61.93,80,10,1.01,US,2022-10-03 01:21:57
316,Sitka,57.0531,-135.33,55.29,67,40,5.75,US,2022-10-03 01:21:57
317,Nisia Floresta,-6.0911,-35.2086,79.18,84,0,7.07,BR,2022-10-03 01:22:57
318,Worcester,42.3334,-71.8328,48.99,70,0,9.22,US,2022-10-03 01:22:57
319,Kaitangata,-46.2817,169.8464,52.16,47,32,15.86,NZ,2022-10-03 01:22:58
320,Redwater,33.3582,-94.2544,75.49,55,0,4.74,US,2022-10-03 01:22:58
321,Todos Santos,23.45,-110.2167,82.65,74,14,5.55,MX,2022-10-03 01:22:59
322,Anchorage,61.2181,-149.9003,49.95,88,100,6.91,US,2022-10-03 01:22:04
323,Alofi,-19.0595,-169.9187,80.49,65,7,12.66,NU,2022-10-03 01:22:59
324,Naze,28.3667,129.4833,83.32,73,27,11.86,JP,2022-10-03 01:22:59
325,Olafsvik,64.8945,-23.7142,48.02,83,79,25.12,IS,2022-10-03 01:23:00
326,Vanimo,-2.6741,141.3028,85.48,66,55,7.76,PG,2022-10-03 01:23:00
327,Vicuna,-30.0319,-70.7081,47.93,52,0,1.23,CL,2022-10-03 01:23:00
328,Duldurga,50.6761,113.5931,30.43,52,7,15.93,RU,2022-10-03 01:23:01
329,San Juan De La Maguana,18.8059,-71.2299,73.24,85,99,2.24,DO,2022-10-03 01:23:01
330,Sehithwa,-20.4667,22.7167,70.38,23,0,6.78,BW,2022-10-03 01:23:01
331,Caravelas,-17.7125,-39.2481,73.2,93,32,6.44,BR,2022-10-03 01:23:02
332,Avera,33.194,-82.5271,68.56,62,0,9.69,US,2022-10-03 01:23:02
333,Dickinson,29.4608,-95.0513,78.91,57,0,3.44,US,2022-10-03 01:23:03
334,Forestville,38.8451,-76.875,53.98,92,100,17.27,US,2022-10-03 01:23:03
335,Visby,57.6409,18.296,49.05,93,98,6.91,SE,2022-10-03 01:23:03
336,Sohag,26.557,31.6948,80.89,28,0,8.46,EG,2022-10-03 01:23:04
337,Clyde,41.3042,-82.9752,58.59,78,0,12.73,US,2022-10-03 01:23:04
338,Severomuysk,56.1481,113.4267,12.76,84,87,4.5,RU,2022-10-03 01:23:05
339,Tabou,4.423,-7.3528,75.34,92,100,6.58,CI,2022-10-03 01:23:05
340,Comodoro Rivadavia,-45.8667,-67.5,48.06,76,0,14.97,AR,2022-10-03 01:23:06
341,Oranjemund,-28.55,16.4333,56.23,95,7,9.55,NA,2022-10-03 01:23:06
342,Udachnyy,66.4167,112.4,20.57,92,100,12.19,RU,2022-10-03 01:23:07
343,Nioro,13.35,-15.75,76.23,91,80,2.42,GM,2022-10-03 01:23:07
344,Bocas Del Toro,9.3333,-82.25,80.28,79,100,4.05,PA,2022-10-03 01:23:07
345,Komsomolskiy,40.4272,71.7189,54.32,54,6,4.61,UZ,2022-10-03 01:23:08
346,Batemans Bay,-35.7167,150.1833,63.1,53,75,7.65,AU,2022-10-03 01:23:08
347,Corbelia,-24.7989,-53.3067,63.75,77,11,6.35,BR,2022-10-03 01:23:09
348,Nogent-Le-Rotrou,48.3333,1.0,52.65,90,83,8.25,FR,2022-10-03 01:23:09
349,Wladyslawowo,54.7909,18.4009,53.15,85,100,25.39,PL,2022-10-03 01:23:10
350,Havre-Saint-Pierre,50.2334,-63.5986,42.8,65,0,0.0,CA,2022-10-03 01:23:10
351,Plettenberg Bay,-34.0527,23.3716,57.79,85,11,8.7,ZA,2022-10-03 01:23:11
352,Merritt Island,28.5392,-80.672,77.04,79,0,0.0,US,2022-10-03 01:19:05
353,Phan Thiet,10.9333,108.1,81.01,78,100,6.13,VN,2022-10-03 01:19:20
354,Kirakira,-10.4544,161.9205,83.57,75,100,5.86,SB,2022-10-03 01:23:11
355,Santo Domingo,18.5001,-69.9886,82.04,95,20,0.0,DO,2022-10-03 01:20:58
356,Petropavlovsk-Kamchatskiy,53.0452,158.6483,45.19,61,75,2.24,RU,2022-10-03 01:23:12
357,Baculin,7.4525,126.5842,83.52,72,95,2.89,PH,2022-10-03 01:23:12
358,Lianzhou,24.7811,112.3825,85.98,64,0,1.97,CN,2022-10-03 01:23:12
359,Macusani,-14.0833,-70.4333,38.43,81,98,1.68,PE,2022-10-03 01:23:13
360,Surab,28.4914,66.2585,63.37,26,0,7.0,PK,2022-10-03 01:23:13
361,Masuguru,-11.3667,38.4167,68.13,80,2,2.59,TZ,2022-10-03 01:23:13
362,Sena Madureira,-9.0656,-68.6569,78.33,63,94,2.86,BR,2022-10-03 01:23:14
363,Chimore,-16.9833,-65.1333,76.64,60,35,3.49,BO,2022-10-03 01:23:14
364,Barao De Cocais,-19.9458,-43.4872,73.78,95,83,2.04,BR,2022-10-03 01:24:15
365,Beidao,34.5686,105.8933,51.31,69,100,5.1,CN,2022-10-03 01:24:15
366,Belaya Gora,68.5333,146.4167,25.18,67,80,3.8,RU,2022-10-03 01:24:15
367,Tupaciguara,-18.5922,-48.705,74.21,59,85,1.61,BR,2022-10-03 01:24:16
368,Jussara,-23.6214,-52.4694,73.36,80,86,2.93,BR,2022-10-03 01:24:16
369,Tual,-5.6667,132.75,82.65,74,12,10.31,ID,2022-10-03 01:24:17
370,Ust-Tsilma,65.441,52.1498,41.38,97,100,5.82,RU,2022-10-03 01:24:17
371,Simplicio Mendes,-7.8539,-41.9103,82.17,24,6,7.43,BR,2022-10-03 01:24:17
372,Gazli,40.1333,63.45,52.3,19,19,5.46,UZ,2022-10-03 01:24:18
373,Derzhavinsk,51.1,66.3167,33.39,44,0,7.78,KZ,2022-10-03 01:24:18
374,Veenendaal,52.0167,5.55,49.93,92,5,5.46,NL,2022-10-03 01:24:18
375,Kandrian,-6.2167,149.55,87.1,63,11,7.14,PG,2022-10-03 01:24:19
376,Biltine,14.5333,20.9167,78.57,64,45,9.71,TD,2022-10-03 01:24:20
377,Chapais,49.7834,-74.8492,31.78,67,8,3.85,CA,2022-10-03 01:24:20
378,Saint-Francois,46.4154,3.9054,58.44,94,100,2.3,FR,2022-10-03 01:24:20
379,Hamilton,39.1834,-84.5333,60.89,72,0,10.36,US,2022-10-03 01:22:15
380,Kishi,9.0833,3.85,71.56,96,100,3.29,NG,2022-10-03 01:24:21
381,Namibe,-15.1961,12.1522,64.89,84,91,9.01,AO,2022-10-03 01:24:21
382,Hearst,49.6835,-83.6665,44.85,71,100,5.64,CA,2022-10-03 01:24:22
383,Montepuez,-13.1256,38.9997,64.45,89,4,3.22,MZ,2022-10-03 01:24:22
384,Anadyr,64.75,177.4833,36.1,69,75,8.95,RU,2022-10-03 01:24:22
385,Talaya,61.3833,152.75,19.18,86,100,3.96,RU,2022-10-03 01:24:23
386,Aasiaat,68.7098,-52.8699,25.97,89,100,4.9,GL,2022-10-03 01:24:23
387,Cockburn Town,21.4612,-71.1419,82.71,76,100,7.74,TC,2022-10-03 01:24:24
388,Sabha,27.0377,14.4283,77.36,56,0,17.25,LY,2022-10-03 01:24:24
389,Byron Bay,-28.65,153.6167,65.71,57,13,9.57,AU,2022-10-03 01:24:24
390,Paamiut,61.994,-49.6678,35.33,68,59,7.52,GL,2022-10-03 01:24:25
391,Port Hedland,-20.3167,118.5667,80.65,61,0,8.05,AU,2022-10-03 01:24:25
392,Boguchany,58.3814,97.4531,29.7,86,100,5.55,RU,2022-10-03 01:24:25
393,Terrace,54.5163,-128.6035,64.31,67,75,6.91,CA,2022-10-03 01:24:26
394,Cua,10.1589,-66.8858,79.59,93,7,2.13,VE,2022-10-03 01:24:26
395,Kaspiysk,42.8816,47.6392,69.98,82,40,13.42,RU,2022-10-03 01:24:26
396,Bayir,37.2687,28.2167,68.52,76,0,8.79,TR,2022-10-03 01:24:27
397,Bosanski Novi,45.0458,16.3803,58.19,95,100,2.15,BA,2022-10-03 01:24:27
398,Leiyang,26.4024,112.8591,88.59,52,0,7.05,CN,2022-10-03 01:24:27
399,Vila Franca Do Campo,37.7167,-25.4333,73.2,87,86,11.61,PT,2022-10-03 01:24:28
400,Lavrentiya,65.5833,-171.0,39.6,71,22,11.77,RU,2022-10-03 01:24:28
401,Woodward,36.4337,-99.3904,71.96,29,0,5.75,US,2022-10-03 01:24:28
402,Paris,48.8534,2.3488,53.38,95,40,3.44,FR,2022-10-03 01:21:31
403,Baruun-Urt,46.6806,113.2792,26.06,56,0,12.44,MN,2022-10-03 01:24:29
404,Nuevo Casas Grandes,30.4167,-107.9167,67.32,61,93,5.53,MX,2022-10-03 01:24:30
405,Deputatskiy,69.3,139.9,10.51,93,94,4.03,RU,2022-10-03 01:24:30
406,Aromashevo,56.8602,68.6375,35.22,59,100,10.45,RU,2022-10-03 01:24:30
407,Prince Rupert,54.3161,-130.3201,55.49,85,75,10.36,CA,2022-10-03 01:24:31
408,Beloha,-25.1667,45.05,65.46,72,0,5.32,MG,2022-10-03 01:24:31
409,Khandyga,62.6667,135.6,27.21,46,11,5.12,RU,2022-10-03 01:25:31
410,Boyuibe,-20.4167,-63.2833,65.64,66,100,5.99,BO,2022-10-03 01:25:32
411,Riyadh,24.6877,46.7219,73.54,16,0,4.79,SA,2022-10-03 01:21:41
412,Mogadishu,2.0371,45.3438,76.32,82,100,15.77,SO,2022-10-03 01:25:32
413,Pierre,44.3683,-100.351,69.85,67,100,16.11,US,2022-10-03 01:25:33
414,Blind River,46.1834,-82.9582,41.11,60,100,1.3,CA,2022-10-03 01:25:33
415,Kardla,58.9978,22.7492,43.05,79,100,5.93,EE,2022-10-03 01:25:33
416,Emerald,-23.5333,148.1667,75.16,56,97,15.21,AU,2022-10-03 01:25:34
417,Aguimes,27.9054,-15.4461,68.67,88,20,12.66,ES,2022-10-03 01:25:34
418,Pauini,-7.7136,-66.9764,75.85,74,12,2.01,BR,2022-10-03 01:25:34
419,Mayumba,-3.432,10.6554,75.69,88,100,3.27,GA,2022-10-03 01:25:35
420,Menemen,38.6075,27.0694,69.58,52,0,8.05,TR,2022-10-03 01:25:35
421,Les Cayes,18.2,-73.75,79.48,85,100,4.21,HT,2022-10-03 01:25:35
422,Cowra,-33.8333,148.6833,62.31,61,100,1.1,AU,2022-10-03 01:23:53
423,La Ronge,55.1001,-105.2842,66.42,55,20,3.44,CA,2022-10-03 01:25:36
424,Nome,64.5011,-165.4064,46.17,57,0,6.91,US,2022-10-03 01:25:36
425,Ruteng,-8.6136,120.4721,72.34,72,24,0.49,ID,2022-10-03 01:25:37
426,Nishihara,26.1842,127.7558,85.28,70,40,12.66,JP,2022-10-03 01:25:37
427,Aksu,41.1231,80.2644,51.66,28,92,3.38,CN,2022-10-03 01:25:37
428,Conceicao Do Araguaia,-8.2578,-49.2647,86.58,25,91,2.37,BR,2022-10-03 01:25:38
429,Bauska,56.4075,24.1906,43.63,86,100,5.64,LV,2022-10-03 01:25:38
430,Alenquer,-1.9417,-54.7383,78.94,69,84,3.85,BR,2022-10-03 01:25:38
431,Nouadhibou,20.931,-17.0347,73.38,60,0,11.5,MR,2022-10-03 01:25:39
432,Sibolga,1.7427,98.7792,77.76,84,100,1.36,ID,2022-10-03 01:25:39
433,Peterhead,57.5058,-1.7981,52.2,81,13,9.31,GB,2022-10-03 01:25:39
434,Leon,21.1167,-101.6667,71.65,36,100,11.12,MX,2022-10-03 01:25:40
435,Ahuimanu,21.4447,-157.8378,80.31,85,100,12.66,US,2022-10-03 01:25:40
436,Saint Anthony,45.0205,-93.218,67.12,65,75,12.66,US,2022-10-03 01:25:40
437,Ketchikan,55.3422,-131.6461,54.07,76,0,13.8,US,2022-10-03 01:25:41
438,Luanda,-8.8368,13.2343,73.4,88,75,5.75,AO,2022-10-03 01:24:08
439,Leshukonskoye,64.8989,45.7622,36.27,98,100,4.14,RU,2022-10-03 01:25:41
440,Samarai,-10.6167,150.6667,82.35,79,85,10.02,PG,2022-10-03 01:25:41
441,Nicolas Bravo,18.45,-88.9167,77.36,72,100,2.57,MX,2022-10-03 01:25:42
442,Nagua,19.3832,-69.8474,78.31,88,100,4.32,DO,2022-10-03 01:25:42
443,Yenagoa,4.9247,6.2642,72.84,96,100,2.33,NG,2022-10-03 01:25:43
444,Abu Samrah,35.3029,37.1841,71.62,60,0,7.61,SY,2022-10-03 01:25:43
445,Bangassou,4.7413,22.8184,67.55,99,100,2.19,CF,2022-10-03 01:25:43
446,Lagoa,39.05,-27.9833,70.86,85,100,3.78,PT,2022-10-03 01:25:43
447,Prince Albert,53.2001,-105.7677,58.95,67,20,4.61,CA,2022-10-03 01:25:44
448,Humaita,-7.5061,-63.0208,76.15,78,99,1.61,BR,2022-10-03 01:25:44
449,Gazanjyk,39.2446,55.5154,54.27,15,0,14.23,TM,2022-10-03 01:25:44
450,Sembe,1.6481,14.5806,69.15,99,90,2.15,CG,2022-10-03 01:25:45
451,Abha,18.2164,42.5053,58.82,58,0,0.0,SA,2022-10-03 01:25:45
452,Asfi,32.2994,-9.2372,71.08,68,0,3.96,MA,2022-10-03 01:25:46
453,Zyryanka,65.75,150.85,28.83,72,100,3.67,RU,2022-10-03 01:25:46
454,Havre,49.5833,0.3333,52.2,100,0,5.75,FR,2022-10-03 01:25:46
455,Myaundzha,63.0494,147.1858,19.4,76,100,2.95,RU,2022-10-03 01:25:47
456,Zalantun,48.0,122.7167,42.3,40,100,12.93,CN,2022-10-03 01:26:47
457,Salo,45.6086,10.531,60.39,75,1,4.47,IT,2022-10-03 01:26:47
458,Boa Vista,2.8197,-60.6733,76.98,83,20,1.14,BR,2022-10-03 01:25:09
459,Borborema,-21.6197,-49.0736,75.06,61,2,6.51,BR,2022-10-03 01:26:48
460,Fernie,49.5,-115.0687,66.29,59,3,1.45,CA,2022-10-03 01:25:16
461,Neuquen,-38.9516,-68.0591,66.09,32,0,13.8,AR,2022-10-03 01:26:48
462,Skjervoy,70.0311,20.9714,44.78,65,12,1.45,NO,2022-10-03 01:26:49
463,Hornepayne,49.2138,-84.7705,42.21,73,100,6.78,CA,2022-10-03 01:26:49
464,Noyabrsk,63.1994,75.4507,31.06,74,100,16.64,RU,2022-10-03 01:26:50
465,Chivilcoy,-34.8957,-60.0167,61.68,45,70,10.31,AR,2022-10-03 01:26:50
466,Coari,-4.085,-63.1414,73.15,98,85,2.48,BR,2022-10-03 01:26:50
467,Mao,39.8885,4.2658,61.36,94,0,2.3,ES,2022-10-03 01:26:51
468,Qaqortoq,60.7167,-46.0333,34.95,75,34,1.21,GL,2022-10-03 01:26:51
469,Ponnani,10.767,75.9252,76.32,90,100,5.08,IN,2022-10-03 01:26:51
470,Silver City,32.7701,-108.2803,64.69,54,60,4.0,US,2022-10-03 01:26:52
471,Jibuti,11.5,42.5,80.56,65,100,6.4,DJ,2022-10-03 01:26:52
472,Demak,-6.8909,110.6396,82.36,69,100,6.96,ID,2022-10-03 01:26:52
473,Liyang,29.7057,118.2862,89.02,50,0,1.25,CN,2022-10-03 01:26:53
474,Betanzos,43.2804,-8.2147,63.25,90,100,4.61,ES,2022-10-03 01:26:53
475,Porto Novo,6.4965,2.6036,74.05,94,29,3.78,BJ,2022-10-03 01:26:53
476,Pangnirtung,66.1451,-65.7125,30.29,61,9,3.49,CA,2022-10-03 01:26:54
477,Nanuque,-17.8392,-40.3539,72.32,90,68,13.02,BR,2022-10-03 01:26:54
478,Capitan Bado,-23.2667,-55.5333,63.41,79,4,5.64,PY,2022-10-03 01:26:55
479,Bemidji,47.4736,-94.8803,59.09,88,75,0.0,US,2022-10-03 01:26:55
480,Juneau,58.3019,-134.4197,53.6,85,20,5.75,US,2022-10-03 01:24:40
481,Shimoda,34.6667,138.95,73.76,67,33,8.72,JP,2022-10-03 01:26:55
482,Barra,-11.0894,-43.1417,80.42,46,17,8.5,BR,2022-10-03 01:26:56
483,Urumqi,43.801,87.6005,34.75,56,0,2.24,CN,2022-10-03 01:26:56
484,Ursulo Galvan,22.7333,-98.3,82.67,80,88,5.64,MX,2022-10-03 01:26:57
485,Yangmei,24.1023,112.5618,81.52,65,0,1.57,CN,2022-10-03 01:26:57
486,Nanakuli,21.3906,-158.1547,80.55,78,100,11.5,US,2022-10-03 01:26:57
487,Laguna,38.421,-121.4238,83.43,46,0,10.36,US,2022-10-03 01:26:58
488,Deep River,46.1001,-77.4995,36.95,65,25,2.95,CA,2022-10-03 01:24:01
489,Ariquemes,-9.9133,-63.0408,74.68,87,58,2.44,BR,2022-10-03 01:26:58
490,Valparaiso,-33.0393,-71.6273,56.48,94,100,3.44,CL,2022-10-03 01:22:08
491,Mianyang,31.4593,104.7542,63.84,90,100,18.03,CN,2022-10-03 01:26:59
492,Artyom,40.4723,50.333,73.54,64,40,23.29,AZ,2022-10-03 01:26:59
493,Cururupu,-1.8283,-44.8683,77.54,86,27,5.77,BR,2022-10-03 01:22:51
494,Ilo,-17.6394,-71.3375,59.9,84,52,2.19,PE,2022-10-03 01:26:59
495,Svetlyy,54.675,20.1347,54.97,86,100,13.65,RU,2022-10-03 01:27:00
496,Pimentel,-6.8367,-79.9342,62.82,87,76,13.38,PE,2022-10-03 01:27:00
497,Hervey Bay,-25.2986,152.8535,72.01,60,16,8.99,AU,2022-10-03 01:27:01
498,Hailey,43.5196,-114.3153,63.81,50,100,8.01,US,2022-10-03 01:27:01
499,Balasheyka,53.2841,48.0851,55.67,72,93,11.36,RU,2022-10-03 01:27:01
500,Nanortalik,60.1432,-45.2371,36.48,83,12,10.58,GL,2022-10-03 01:27:02
501,Lithgow,-33.4833,150.15,58.62,43,13,4.56,AU,2022-10-03 01:28:02
502,Puerto Madryn,-42.7692,-65.0385,48.33,64,100,16.8,AR,2022-10-03 01:28:02
503,Katherine,-14.4667,132.2667,88.12,42,0,10.36,AU,2022-10-03 01:25:06
504,Tigil,57.8,158.6667,38.55,91,100,11.14,RU,2022-10-03 01:28:03
505,Ancud,-41.8697,-73.8203,50.29,74,100,4.56,CL,2022-10-03 01:28:03
506,Chumikan,54.7183,135.315,38.7,66,66,20.0,RU,2022-10-03 01:28:04
507,Nileshwar,12.25,75.1,77.63,88,100,7.83,IN,2022-10-03 01:28:04
508,Acapulco,16.8634,-99.8901,82.22,65,40,5.75,MX,2022-10-03 01:24:37
509,Obihiro,42.9172,143.2044,62.01,81,100,3.85,JP,2022-10-03 01:28:05
510,Gurlan,41.8447,60.3919,39.11,32,0,9.26,UZ,2022-10-03 01:28:05
511,Kuusamo,65.9667,29.1833,44.64,93,100,8.05,FI,2022-10-03 01:28:05
512,Juchipila,21.4167,-103.1167,77.88,45,100,1.45,MX,2022-10-03 01:28:06
513,New Philadelphia,40.4898,-81.4457,52.92,85,0,1.01,US,2022-10-03 01:28:06
514,Campoverde,-8.4753,-74.8058,83.89,62,85,1.41,PE,2022-10-03 01:23:10
515,Minab,27.1467,57.0801,81.88,80,0,1.52,IR,2022-10-03 01:28:06
516,Brae,60.3964,-1.353,53.31,93,36,15.73,GB,2022-10-03 01:28:07
517,Klaksvik,62.2266,-6.589,52.72,89,56,20.13,FO,2022-10-03 01:28:07
518,Voh,-20.9667,164.7,77.58,55,100,9.66,NC,2022-10-03 01:28:07
519,Kieta,-6.2167,155.6333,86.11,62,63,4.85,PG,2022-10-03 01:28:08
520,Pandan,14.0453,124.1694,85.23,71,69,8.05,PH,2022-10-03 01:28:08
521,Tay Ninh,11.3,106.1,80.13,82,100,4.07,VN,2022-10-03 01:28:08
522,Kuching,1.55,110.3333,77.22,94,20,3.44,MY,2022-10-03 01:28:09
523,Huanan,46.2167,130.5167,54.05,90,100,11.01,CN,2022-10-03 01:28:09
524,Gravelbourg,49.8834,-106.5512,57.47,47,100,1.61,CA,2022-10-03 01:28:10
525,Karwar,14.8,74.1333,76.35,90,100,8.48,IN,2022-10-03 01:28:10
526,Kapit,2.0167,112.9333,73.99,100,100,0.02,MY,2022-10-03 01:28:10
527,San Quintin,30.4833,-115.95,69.19,76,48,13.65,MX,2022-10-03 01:28:11
528,Axim,4.8699,-2.2405,75.4,91,99,4.25,GH,2022-10-03 01:28:11
529,Neringa,55.3719,21.0647,55.72,81,100,12.93,LT,2022-10-03 01:28:12
530,Bure,10.7,37.0667,56.19,94,96,1.81,ET,2022-10-03 01:28:12
531,Morehead,37.2711,-87.1764,65.98,69,0,3.44,US,2022-10-03 01:25:10
532,Mahibadhoo,3.7833,72.9667,80.74,77,100,16.98,MV,2022-10-03 01:28:13
533,Qui Nhon,13.7667,109.2333,78.93,85,100,5.95,VN,2022-10-03 01:28:13
534,Severodvinsk,64.5635,39.8302,30.31,72,97,5.66,RU,2022-10-03 01:28:13
535,Saldanha,-33.0117,17.9442,57.25,86,100,3.11,ZA,2022-10-03 01:28:14
536,Novoagansk,61.9449,76.6625,30.27,74,100,10.83,RU,2022-10-03 01:28:14
537,Dicabisagan,17.0818,122.4157,81.37,83,95,4.94,PH,2022-10-03 01:28:14
538,Coahuayana,18.7333,-103.6833,75.2,98,100,4.18,MX,2022-10-03 01:28:15
539,Zeya,53.75,127.2667,31.5,58,6,9.06,RU,2022-10-03 01:28:15
540,Price,39.5994,-110.8107,58.26,82,0,4.61,US,2022-10-03 01:28:15
541,Trofors,65.5333,13.4063,46.27,93,100,5.37,NO,2022-10-03 01:28:16
542,Damietta,31.4165,31.8133,78.69,77,0,13.27,EG,2022-10-03 01:28:16
543,Camacha,33.0833,-16.3333,65.62,73,20,5.75,PT,2022-10-03 01:28:17
544,Canto Do Buriti,-8.11,-42.9444,80.15,28,6,4.14,BR,2022-10-03 01:28:17
545,Posadas,-27.3671,-55.8961,67.98,60,0,6.91,AR,2022-10-03 01:28:17
546,San Andres,12.5847,-81.7006,80.62,83,75,0.0,CO,2022-10-03 01:28:18
547,Zhezkazgan,47.8043,67.7144,28.38,46,0,13.42,KZ,2022-10-03 01:28:18
548,Ust-Maya,60.4167,134.5333,28.96,63,100,8.84,RU,2022-10-03 01:28:18
549,Monroe,43.1501,-77.6831,53.96,72,20,10.36,US,2022-10-03 01:28:08
550,Atar,20.5169,-13.0499,89.17,26,5,6.8,MR,2022-10-03 01:29:19
551,Baoying,33.2292,119.3092,91.76,42,9,7.85,CN,2022-10-03 01:29:19
552,Quang Ngai,15.1167,108.8,79.56,82,16,2.89,VN,2022-10-03 01:24:55
553,Antofagasta,-23.65,-70.4,58.28,74,44,5.01,CL,2022-10-03 01:26:04
554,Chulym,55.0997,80.9572,27.97,89,8,3.15,RU,2022-10-03 01:29:20
555,Yuncheng,35.0231,110.9928,60.6,93,100,17.13,CN,2022-10-03 01:29:20
556,La Suiza,9.8524,-83.6133,70.77,97,100,1.99,CR,2022-10-03 01:29:20
557,Banda Aceh,5.5577,95.3222,82.38,68,25,13.11,ID,2022-10-03 01:29:21
558,Shingu,33.7333,135.9833,76.1,75,100,5.21,JP,2022-10-03 01:28:01
559,San Carlos De Bariloche,-41.1456,-71.3082,56.01,47,75,5.75,AR,2022-10-03 01:29:21
560,Zhanaozen,43.3,52.8,51.71,30,16,20.42,KZ,2022-10-03 01:29:22
561,Ozinki,51.1786,49.6769,57.4,42,44,18.9,RU,2022-10-03 01:29:22
562,Tilichiki,60.4667,166.1,38.44,68,82,9.22,RU,2022-10-03 01:29:22
563,Buraydah,26.326,43.975,66.65,14,0,6.51,SA,2022-10-03 01:29:23
564,Ambilobe,-13.2,49.05,62.62,80,0,4.03,MG,2022-10-03 01:29:23
565,Tanout,14.9709,8.8879,86.94,41,100,14.34,NE,2022-10-03 01:29:23
566,Northam,51.0333,-4.2167,44.26,81,93,5.66,GB,2022-10-03 01:29:24
567,Nawa,27.0167,75.0,75.4,58,0,11.18,IN,2022-10-03 01:29:24
568,Dunedin,-45.8742,170.5036,50.2,60,40,19.53,NZ,2022-10-03 01:26:46
569,Rio Grande,-32.035,-52.0986,53.71,85,0,2.01,BR,2022-10-03 01:29:25
570,Luis Correia,-2.8792,-41.6669,78.49,82,21,14.63,BR,2022-10-03 01:29:25
571,Coihueco,-36.6167,-71.8333,50.74,82,0,4.61,CL,2022-10-03 01:29:25
572,Tezu,27.9167,96.1667,79.34,76,96,0.72,IN,2022-10-03 01:29:26
573,Salto,-31.3833,-57.9667,57.87,80,0,4.94,UY,2022-10-03 01:29:26
574,Konevo,62.1215,39.3192,36.45,96,74,4.99,RU,2022-10-03 01:29:27
